{
  "dataset": "medium",
  "step": "6_friend_optimizations",
  "parent_step": "5_pipeline",
  "description": "Integrate friend's query-path optimizations: norm cache + np gather + Numba parallel w/ precomputed norms",
  "saved_at": "2026-04-18 13:26:04",
  "results": {
    "dataset": "medium",
    "n_vectors": 99999,
    "dim": 384,
    "similarity": {
      "Pure Python (extrapolated)": {
        "mean_ms": 14297.630355625206,
        "std_ms": 574.0415490476456,
        "note": "timed on 500, scaled to 99999",
        "speedup_vs_numpy": 0.004531558614152236
      },
      "NumPy": {
        "mean_ms": 64.79054999999789,
        "std_ms": 1.1322284955475397,
        "speedup_vs_numpy": 1.0
      },
      "Numba": {
        "mean_ms": 42.0896100000391,
        "std_ms": 0.7273007017748891,
        "speedup_vs_numpy": 1.5393478342977684
      },
      "Numba (parallel)": {
        "mean_ms": 7.874309999715479,
        "std_ms": 1.6110389434406018,
        "speedup_vs_numpy": 8.228092366485312
      }
    },
    "index": {
      "build": {
        "BruteForce": {
          "ms": 108.7801000012405
        },
        "IVF (sequential)": {
          "ms": 2339.871800000765
        },
        "IVF (parallel)": {
          "ms": 2818.7116000008245
        },
        "_kmeans_impl": "numba_pp"
      },
      "query": {
        "BruteForce (NumPy)": {
          "mean_ms": 5.850401999996393,
          "std_ms": 0.07660381016979786,
          "speedup_vs_bruteforce": 1.0
        },
        "IVF n_probes=2": {
          "mean_ms": 1.9435110000267741,
          "std_ms": 0.31670823978039875,
          "speedup_vs_bruteforce": 3.010223250558292
        },
        "IVF n_probes=4": {
          "mean_ms": 3.3040120000077877,
          "std_ms": 0.03690926910978122,
          "speedup_vs_bruteforce": 1.7706963533978095
        },
        "IVF n_probes=8": {
          "mean_ms": 6.4830349999829195,
          "std_ms": 0.22793489737698616,
          "speedup_vs_bruteforce": 0.9024171549300299
        },
        "IVF n_probes=16": {
          "mean_ms": 13.33976600000824,
          "std_ms": 0.2981289171150338,
          "speedup_vs_bruteforce": 0.4385685625964338
        }
      }
    },
    "quality": {
      "BruteForce": {
        "recall@k": 0.8908333333333334,
        "mrr": 0.4937190476190476,
        "mean_latency_ms": 5.790998199991009
      },
      "IVF n_probes=2": {
        "recall@k": 0.7441666666666668,
        "mrr": 0.4270253968253968,
        "mean_latency_ms": 2.56126860002405
      },
      "IVF n_probes=4": {
        "recall@k": 0.8178333333333333,
        "mrr": 0.45766190476190477,
        "mean_latency_ms": 4.802967800005717
      },
      "IVF n_probes=8": {
        "recall@k": 0.8478333333333333,
        "mrr": 0.4753809523809524,
        "mean_latency_ms": 9.680203200012329
      },
      "IVF n_probes=16": {
        "recall@k": 0.8728333333333333,
        "mrr": 0.4872444444444444,
        "mean_latency_ms": 17.95578780001233
      }
    },
    "embedding": {
      "Sequential": {
        "total_ms": 1112.5388000000385,
        "speedup_vs_sequential": 1.0
      },
      "Threaded (n=10)": {
        "total_ms": 231.10459999952582,
        "speedup_vs_sequential": 4.814005433047725
      },
      "Async (max=16)": {
        "total_ms": 234.24590000104217,
        "speedup_vs_sequential": 4.7494483361078625
      },
      "_meta": {
        "n_texts": 640,
        "n_batches": 10,
        "batch_size": 64,
        "latency_ms_per_batch": 100.0,
        "ideal_concurrent_ms": 100.0
      }
    },
    "generation": {
      "Sequential": {
        "total_ms": 12907.521000000997,
        "n": 8,
        "speedup_vs_sequential": 1.0,
        "mean_per_call_ms": 1613.4401250001247
      },
      "Threaded (n=8)": {
        "total_ms": 27475.777499999822,
        "n": 8,
        "speedup_vs_sequential": 0.4697781891704823,
        "mean_per_call_ms": 3434.4721874999777
      },
      "Async (max=8)": {
        "total_ms": 7778.351900000416,
        "n": 8,
        "speedup_vs_sequential": 1.6594159233140773,
        "mean_per_call_ms": 972.293987500052
      },
      "_meta": {
        "n_items": 8,
        "model": "gpt-4o",
        "max_tokens": 128,
        "sample_query": "what is rba",
        "sample_answer": "The context provides two different descriptions of what RBA could be, which may refer to different entities:\n\n1. In Document 1, RBA is described as a digital and technology consultancy that specializes in strategy, design, and technology to help companies deliver digital experiences using proven technology engineering.\n\n2. In Document 2, RBA seems to refer to a data-driven, decision-making process aimed at helping communities and organizations move from talking about problems to taking action to solve them. This process is intended to improve the lives of children, families, and communities by being simple, common-sense, and helping groups challenge assumptions.\n\nWithout additional information to"
      }
    },
    "generation_stream": {
      "Sequential (non-stream)": {
        "batch_total_ms": 11685.201800000868,
        "mean_ttft_ms": 1460.5969499996263,
        "p95_ttft_ms": 1872.2003299987591,
        "mean_total_ms": 1460.5969499996263,
        "p95_total_ms": 1872.2003299987591,
        "n": 8,
        "batch_speedup_vs_baseline": 1.0,
        "ttft_speedup_vs_baseline": 1.0
      },
      "Sequential (streaming)": {
        "batch_total_ms": 16822.360899999694,
        "mean_ttft_ms": 1738.1219500000498,
        "p95_ttft_ms": 4082.7227600007955,
        "mean_total_ms": 1809.709337499953,
        "p95_total_ms": 4151.959255000655,
        "n": 8,
        "batch_speedup_vs_baseline": 0.6946231786051553,
        "ttft_speedup_vs_baseline": 0.8403305360706045
      },
      "Concurrent streaming (n=8)": {
        "batch_total_ms": 3711.3970999998855,
        "mean_ttft_ms": 1464.4320624997818,
        "p95_ttft_ms": 2676.8395450004386,
        "mean_total_ms": 1515.9152999995058,
        "p95_total_ms": 2786.562639999283,
        "n": 8,
        "batch_speedup_vs_baseline": 3.1484644421372288,
        "ttft_speedup_vs_baseline": 0.9973811605206124
      },
      "_meta": {
        "n_items": 8,
        "model": "gpt-4o",
        "max_tokens": 128,
        "sample_answer": "The context provides two different descriptions of \"RBA.\"\n\n1. In Document 1, RBA refers to a digital and technology consultancy that focuses on strategy, design, and technology to help companies deliver digital experiences.\n\n2. In Document 2, RBA is described as a data-driven, decision-making process used to help communities and organizations move from discussing problems to taking actionable steps to solve them.\n\nTherefore, RBA can refer to either a consultancy company or a decision-making framework, depending on the context. The context does not provide enough information to determine a single, definitive meaning for \"RBA\" without additional details."
      }
    },
    "pipeline": {
      "Sequential (naive)": {
        "total_ms": 14194.391700000779,
        "n": 8,
        "mean_ms_per_query": 1774.2989625000973,
        "speedup_vs_sequential": 1.0
      },
      "Pipelined (embed=4, gen=8)": {
        "total_ms": 2655.4136000013386,
        "n": 8,
        "mean_ms_per_query": 331.92670000016733,
        "speedup_vs_sequential": 5.345454169547683
      },
      "_meta": {
        "n_items": 8,
        "n_embed_workers": 4,
        "n_gen_workers": 8,
        "model": "gpt-4o",
        "max_tokens": 128
      }
    },
    "friend_opts": {
      "A_flags_off": {
        "np=2": {
          "mean_ms": 3.9143739999963145,
          "std_ms": 0.4173494430571772,
          "speedup_vs_A": 1.0
        },
        "np=4": {
          "mean_ms": 6.823717000006582,
          "std_ms": 0.11561008756547639,
          "speedup_vs_A": 1.0
        },
        "np=8": {
          "mean_ms": 14.161829000004218,
          "std_ms": 0.23840695330137682,