{
  "dataset": "medium",
  "step": "1_ivf_tuned",
  "parent_step": "0_baseline",
  "description": "IVF n_clusters=32 -> 64, probes = (2,4,8,16) for equal corpus coverage vs baseline",
  "saved_at": "2026-04-16 17:41:09",
  "results": {
    "dataset": "medium",
    "n_vectors": 99999,
    "dim": 384,
    "similarity": {
      "Pure Python (extrapolated)": {
        "mean_ms": 14250.68415832091,
        "std_ms": 304.74011477472897,
        "note": "timed on 500, scaled to 99999",
        "speedup_vs_numpy": 0.003914398030247716
      },
      "NumPy": {
        "mean_ms": 55.782849999013706,
        "std_ms": 1.1164474916173122,
        "speedup_vs_numpy": 1.0
      },
      "Numba": {
        "mean_ms": 39.11875000012515,
        "std_ms": 0.44576026985696565,
        "speedup_vs_numpy": 1.425987537915584
      },
      "Numba (parallel)": {
        "mean_ms": 5.83915999995952,
        "std_ms": 0.11059089565091229,
        "speedup_vs_numpy": 9.553231971619278
      }
    },
    "index": {
      "build": {
        "BruteForce": {
          "ms": 30.12289999969653
        },
        "IVF (sequential)": {
          "ms": 3852.1965999971144
        },
        "IVF (parallel)": {
          "ms": 4151.46189999723
        }
      },
      "query": {
        "BruteForce (NumPy)": {
          "mean_ms": 64.76022200000443,
          "std_ms": 8.549947781731055,
          "speedup_vs_bruteforce": 1.0
        },
        "IVF n_probes=2": {
          "mean_ms": 3.553066999957082,
          "std_ms": 0.2972195847608222,
          "speedup_vs_bruteforce": 18.226569327509637
        },
        "IVF n_probes=4": {
          "mean_ms": 7.361710000077437,
          "std_ms": 0.3507158934272656,
          "speedup_vs_bruteforce": 8.796899361605282
        },
        "IVF n_probes=8": {
          "mean_ms": 13.214369999986957,
          "std_ms": 0.11603155644419225,
          "speedup_vs_bruteforce": 4.900742297973218
        },
        "IVF n_probes=16": {
          "mean_ms": 30.97383300006186,
          "std_ms": 3.2627115493683143,
          "speedup_vs_bruteforce": 2.090804260482553
        }
      }
    },
    "quality": {
      "BruteForce": {
        "recall@k": 0.8908333333333334,
        "mrr": 0.4937190476190476,
        "mean_latency_ms": 62.08171740008402
      },
      "IVF n_probes=2": {
        "recall@k": 0.7248333333333333,
        "mrr": 0.4233944444444444,
        "mean_latency_ms": 3.9935018000614946
      },
      "IVF n_probes=4": {
        "recall@k": 0.8148333333333334,
        "mrr": 0.4605547619047619,
        "mean_latency_ms": 7.611626600046293
      },
      "IVF n_probes=8": {
        "recall@k": 0.8508333333333333,
        "mrr": 0.4739888888888889,
        "mean_latency_ms": 14.36698439992324
      },
      "IVF n_probes=16": {
        "recall@k": 0.8768333333333334,
        "mrr": 0.4909222222222222,
        "mean_latency_ms": 27.90070260009088
      }
    },
    "embedding": {
      "Sequential": {
        "total_ms": 1113.5407000001578,
        "speedup_vs_sequential": 1.0
      },
      "Threaded (n=10)": {
        "total_ms": 231.89339999953518,
        "speedup_vs_sequential": 4.801950810167042
      },
      "Async (max=16)": {
        "total_ms": 227.44620000230498,
        "speedup_vs_sequential": 4.895842181530722
      },
      "_meta": {
        "n_texts": 640,
        "n_batches": 10,
        "batch_size": 64,
        "latency_ms_per_batch": 100.0,
        "ideal_concurrent_ms": 100.0
      }
    },
    "generation": {
      "Sequential": {
        "total_ms": 11093.986199997744,
        "n": 8,
        "speedup_vs_sequential": 1.0,
        "mean_per_call_ms": 1386.748274999718
      },
      "Threaded (n=8)": {
        "total_ms": 2093.243999999686,
        "n": 8,
        "speedup_vs_sequential": 5.29990111042927,
        "mean_per_call_ms": 261.65549999996074
      },
      "Async (max=8)": {
        "total_ms": 2216.6933000007703,
        "n": 8,
        "speedup_vs_sequential": 5.00474567230112,
        "mean_per_call_ms": 277.0866625000963
      },
      "_meta": {
        "n_items": 8,
        "model": "gpt-4o",
        "max_tokens": 128,
        "sample_query": "what is rba",
        "sample_answer": "The context provides information about two different entities or concepts referred to as RBA:\n\n1. In Document 1, RBA is described as a digital and technology consultancy that focuses on strategy, design, and technology to deliver modern digital experiences.\n\n2. In Document 2, RBA refers to a data-driven, decision-making process aimed at helping communities and organizations move from discussing problems to taking action to solve them. This version of RBA stands for Results-Based Accountability, a framework focused on improving communities and program performance.\n\nIt is not explicitly clarified in the documents whether these two RBAs are related or separate entities."
      }
    }
  }
}