{
  "num_passages": 5000,
  "embedding_dim": 384,
  "device": "auto",
  "model": "all-MiniLM-L6-v2",
  "timings": {
    "preprocess_s": 0.19468130000041128,
    "embed_s": 49.687204400000155,
    "bruteforce_s": 0.0018894000004365807,
    "ivf_s": 0.15039030000025377,
    "n_clusters": 32,
    "total_s": 66.73424400000022
  },
  "files": {
    "passages.jsonl": {
      "sha256": "01191d4d7703d1afb1ff1904b1bfd508f3ce0647fe1a60bdfdac56875549be9e",
      "size_bytes": 2284750
    },
    "queries.jsonl": {
      "sha256": "1a1de3ee85c7ca9ff3f60ea1137bbfe99fee9f33dc5ac4a38985100c4e34b0d4",
      "size_bytes": 60396
    },
    "chunks.jsonl": {
      "sha256": "4ee567366d94ee51ed2245d86eb7cc8eb3ebecc71344ce4f9e79ab94818e93d6",
      "size_bytes": 2399913
    },
    "vectors.npy": {
      "sha256": "4549ee68c5781b89351be9477488775a92f7e842968adf193eb780aadb22aa0c",
      "size_bytes": 7680128
    }
  }
}