{
  "dataset": "medium",
  "saved_at": "2026-04-16 17:04:42",
  "results": {
    "dataset": "medium",
    "n_vectors": 99999,
    "dim": 384,
    "similarity": {
      "Pure Python (extrapolated)": {
        "mean_ms": 14250.68415832091,
        "std_ms": 304.74011477472897,
        "note": "timed on 500, scaled to 99999",
        "speedup_vs_numpy": 0.003914398030247716
      },
      "NumPy": {
        "mean_ms": 55.782849999013706,
        "std_ms": 1.1164474916173122,
        "speedup_vs_numpy": 1.0
      },
      "Numba": {
        "mean_ms": 39.11875000012515,
        "std_ms": 0.44576026985696565,
        "speedup_vs_numpy": 1.425987537915584
      },
      "Numba (parallel)": {
        "mean_ms": 5.83915999995952,
        "std_ms": 0.11059089565091229,
        "speedup_vs_numpy": 9.553231971619278
      }
    },
    "index": {
      "build": {
        "BruteForce": {
          "ms": 40.646399997058325
        },
        "IVF (sequential)": {
          "ms": 3405.4620999995677
        },
        "IVF (parallel)": {
          "ms": 3706.517700000404
        }
      },
      "query": {
        "BruteForce (NumPy)": {
          "mean_ms": 61.16961600004288,
          "std_ms": 2.4758200449570857,
          "speedup_vs_bruteforce": 1.0
        },
        "IVF n_probes=1": {
          "mean_ms": 4.370808000021498,
          "std_ms": 0.08250383431246648,
          "speedup_vs_bruteforce": 13.99503615801518
        },
        "IVF n_probes=2": {
          "mean_ms": 7.76297299995349,
          "std_ms": 0.0663838295864015,
          "speedup_vs_bruteforce": 7.879663628922755
        },
        "IVF n_probes=4": {
          "mean_ms": 14.775603000016417,
          "std_ms": 0.15015914721697504,
          "speedup_vs_bruteforce": 4.139906574369582
        },
        "IVF n_probes=8": {
          "mean_ms": 27.18420499997592,
          "std_ms": 0.7769199946630347,
          "speedup_vs_bruteforce": 2.2501896229850042
        }
      }
    },
    "quality": {
      "BruteForce": {
        "recall@k": 0.8908333333333334,
        "mrr": 0.4937190476190476,
        "mean_latency_ms": 61.695155399989744
      },
      "IVF n_probes=1": {
        "recall@k": 0.5896666666666668,
        "mrr": 0.3486174603174603,
        "mean_latency_ms": 4.0823050000399235
      },
      "IVF n_probes=2": {
        "recall@k": 0.7366666666666667,
        "mrr": 0.4168849206349206,
        "mean_latency_ms": 9.086857799993595
      },
      "IVF n_probes=4": {
        "recall@k": 0.8201666666666667,
        "mrr": 0.4610722222222222,
        "mean_latency_ms": 15.355868600061513
      },
      "IVF n_probes=8": {
        "recall@k": 0.8588333333333333,
        "mrr": 0.48479206349206344,
        "mean_latency_ms": 27.821890999985044
      }
    },
    "embedding": {
      "Sequential": {
        "total_ms": 1121.2741999988793,
        "speedup_vs_sequential": 1.0
      },
      "Threaded (n=10)": {
        "total_ms": 256.8528999981936,
        "speedup_vs_sequential": 4.3654332888854475
      },
      "Async (max=16)": {
        "total_ms": 261.7314000017359,
        "speedup_vs_sequential": 4.284064502736174
      },
      "_meta": {
        "n_texts": 640,
        "n_batches": 10,
        "batch_size": 64,
        "latency_ms_per_batch": 100.0,
        "ideal_concurrent_ms": 100.0
      }
    },
    "generation": {
      "Sequential": {
        "total_ms": 12735.05540000042,
        "n": 8,
        "speedup_vs_sequential": 1.0,
        "mean_per_call_ms": 1591.8819250000524
      },
      "Threaded (n=8)": {
        "total_ms": 2046.850099999574,
        "n": 8,
        "speedup_vs_sequential": 6.2217821422306745,
        "mean_per_call_ms": 255.85626249994675
      },
      "Async (max=8)": {
        "total_ms": 2539.6698999975342,
        "n": 8,
        "speedup_vs_sequential": 5.014453020060908,
        "mean_per_call_ms": 317.4587374996918
      },
      "_meta": {
        "n_items": 8,
        "model": "gpt-4o",
        "max_tokens": 128,
        "sample_query": "what is rba",
        "sample_answer": "The context provides two different interpretations of RBA. \n\n1. In Document 1, RBA is described as a digital and technology consultancy specializing in strategy, design, and technology to help companies deliver modern digital experiences.\n\n2. In Document 2, RBA is a decision-making process that helps communities and organizations move from discussing problems to taking action, using a data-driven framework designed to improve the lives of children, families, and communities.\n\nWithout further specification, it's not clear which RBA is being referred to in the question."
      }
    }
  }
}